Workbook

Sheet Summary
A1: LRN Report Snapshots - Parquet Storage: Implementation Plan
A2: Source: docs/LRN_Report_Snapshots–Parquet_Storage_Implementation.pdf (20 Oct 2026). Est. days are planning estimates (assumption), not from the doc.
A4: Phase | B4: Phase Name | C4: Goal | D4: Tasks | E4: Est. Days | F4: Done | G4: In Progress | H4: Blocked | I4: % Done
A5: P0 | B5: Preparation & decisions | C5: Lock scope: which reports/result sets are snapshotted, at what grain, and where the code lives. | D5: =COUNTIF('Task Split'!$B$2:$B$70,A5) | E5: =SUMIF('Task Split'!$B$2:$B$70,A5,'Task Split'!$I$2:$I$70) | F5: =COUNTIFS('Task Split'!$B$2:$B$70,A5,'Task Split'!$N$2:$N$70,"Done") | G5: =COUNTIFS('Task Split'!$B$2:$B$70,A5,'Task Split'!$N$2:$N$70,"In Progress") | H5: =COUNTIFS('Task Split'!$B$2:$B$70,A5,'Task Split'!$N$2:$N$70,"Blocked") | I5: =IF(D5=0,0,F5/D5)
A6: P1 | B6: Infrastructure & LRNMaster schema | C6: Blob container, identity/network/retention controls and the snapshot index tables + SPs. | D6: =COUNTIF('Task Split'!$B$2:$B$70,A6) | E6: =SUMIF('Task Split'!$B$2:$B$70,A6,'Task Split'!$I$2:$I$70) | F6: =COUNTIFS('Task Split'!$B$2:$B$70,A6,'Task Split'!$N$2:$N$70,"Done") | G6: =COUNTIFS('Task Split'!$B$2:$B$70,A6,'Task Split'!$N$2:$N$70,"In Progress") | H6: =COUNTIFS('Task Split'!$B$2:$B$70,A6,'Task Split'!$N$2:$N$70,"Blocked") | I6: =IF(D6=0,0,F6/D6)
A7: P2 | B7: LRN.Snapshots shared library | C7: Writer, validator, blob store, index repository, cache and DuckDB reader shared by worker and web app. | D7: =COUNTIF('Task Split'!$B$2:$B$70,A7) | E7: =SUMIF('Task Split'!$B$2:$B$70,A7,'Task Split'!$I$2:$I$70) | F7: =COUNTIFS('Task Split'!$B$2:$B$70,A7,'Task Split'!$N$2:$N$70,"Done") | G7: =COUNTIFS('Task Split'!$B$2:$B$70,A7,'Task Split'!$N$2:$N$70,"In Progress") | H7: =COUNTIFS('Task Split'!$B$2:$B$70,A7,'Task Split'!$N$2:$N$70,"Blocked") | I7: =IF(D7=0,0,F7/D7)
A8: P3 | B8: Worker write path | C8: LRN.MasterFileProcessorWorker writes, validates, uploads and registers snapshots after each successful weekly run; retention. | D8: =COUNTIF('Task Split'!$B$2:$B$70,A8) | E8: =SUMIF('Task Split'!$B$2:$B$70,A8,'Task Split'!$I$2:$I$70) | F8: =COUNTIFS('Task Split'!$B$2:$B$70,A8,'Task Split'!$N$2:$N$70,"Done") | G8: =COUNTIFS('Task Split'!$B$2:$B$70,A8,'Task Split'!$N$2:$N$70,"In Progress") | H8: =COUNTIFS('Task Split'!$B$2:$B$70,A8,'Task Split'!$N$2:$N$70,"Blocked") | I8: =IF(D8=0,0,F8/D8)
A9: P4 | B9: Dashboard read path | C9: IReportDataSource abstraction with SQL and Parquet implementations, snapshot catalog, cache and lab isolation. | D9: =COUNTIF('Task Split'!$B$2:$B$70,A9) | E9: =SUMIF('Task Split'!$B$2:$B$70,A9,'Task Split'!$I$2:$I$70) | F9: =COUNTIFS('Task Split'!$B$2:$B$70,A9,'Task Split'!$N$2:$N$70,"Done") | G9: =COUNTIFS('Task Split'!$B$2:$B$70,A9,'Task Split'!$N$2:$N$70,"In Progress") | H9: =COUNTIFS('Task Split'!$B$2:$B$70,A9,'Task Split'!$N$2:$N$70,"Blocked") | I9: =IF(D9=0,0,F9/D9)
A10: P5 | B10: Pilot reports UI (2-3 reports) | C10: Mapper refactor, filter parity, week selector, read-only banner and export label for the pilot reports. | D10: =COUNTIF('Task Split'!$B$2:$B$70,A10) | E10: =SUMIF('Task Split'!$B$2:$B$70,A10,'Task Split'!$I$2:$I$70) | F10: =COUNTIFS('Task Split'!$B$2:$B$70,A10,'Task Split'!$N$2:$N$70,"Done") | G10: =COUNTIFS('Task Split'!$B$2:$B$70,A10,'Task Split'!$N$2:$N$70,"In Progress") | H10: =COUNTIFS('Task Split'!$B$2:$B$70,A10,'Task Split'!$N$2:$N$70,"Blocked") | I10: =IF(D10=0,0,F10/D10)
A11: P6 | B11: Testing | C11: Unit, integration and parity tests from the design-doc test checklist. | D11: =COUNTIF('Task Split'!$B$2:$B$70,A11) | E11: =SUMIF('Task Split'!$B$2:$B$70,A11,'Task Split'!$I$2:$I$70) | F11: =COUNTIFS('Task Split'!$B$2:$B$70,A11,'Task Split'!$N$2:$N$70,"Done") | G11: =COUNTIFS('Task Split'!$B$2:$B$70,A11,'Task Split'!$N$2:$N$70,"In Progress") | H11: =COUNTIFS('Task Split'!$B$2:$B$70,A11,'Task Split'!$N$2:$N$70,"Blocked") | I11: =IF(D11=0,0,F11/D11)
A12: P7 | B12: Pilot rollout & UAT | C12: One pilot lab in production, client UAT on real past weeks. | D12: =COUNTIF('Task Split'!$B$2:$B$70,A12) | E12: =SUMIF('Task Split'!$B$2:$B$70,A12,'Task Split'!$I$2:$I$70) | F12: =COUNTIFS('Task Split'!$B$2:$B$70,A12,'Task Split'!$N$2:$N$70,"Done") | G12: =COUNTIFS('Task Split'!$B$2:$B$70,A12,'Task Split'!$N$2:$N$70,"In Progress") | H12: =COUNTIFS('Task Split'!$B$2:$B$70,A12,'Task Split'!$N$2:$N$70,"Blocked") | I12: =IF(D12=0,0,F12/D12)
A13: P8 | B13: Remaining reports & all labs | C13: Extend to every standard report with filter parity, then enable all labs. | D13: =COUNTIF('Task Split'!$B$2:$B$70,A13) | E13: =SUMIF('Task Split'!$B$2:$B$70,A13,'Task Split'!$I$2:$I$70) | F13: =COUNTIFS('Task Split'!$B$2:$B$70,A13,'Task Split'!$N$2:$N$70,"Done") | G13: =COUNTIFS('Task Split'!$B$2:$B$70,A13,'Task Split'!$N$2:$N$70,"In Progress") | H13: =COUNTIFS('Task Split'!$B$2:$B$70,A13,'Task Split'!$N$2:$N$70,"Blocked") | I13: =IF(D13=0,0,F13/D13)
A14: P9 | B14: Backfill, monitoring & handover | C14: Optional backfill of past weeks, monitoring, developer docs. | D14: =COUNTIF('Task Split'!$B$2:$B$70,A14) | E14: =SUMIF('Task Split'!$B$2:$B$70,A14,'Task Split'!$I$2:$I$70) | F14: =COUNTIFS('Task Split'!$B$2:$B$70,A14,'Task Split'!$N$2:$N$70,"Done") | G14: =COUNTIFS('Task Split'!$B$2:$B$70,A14,'Task Split'!$N$2:$N$70,"In Progress") | H14: =COUNTIFS('Task Split'!$B$2:$B$70,A14,'Task Split'!$N$2:$N$70,"Blocked") | I14: =IF(D14=0,0,F14/D14)
B15: Total | D15: =SUM(D5:D14) | E15: =SUM(E5:E14) | F15: =SUM(F5:F14) | G15: =SUM(G5:G14) | H15: =SUM(H5:H14) | I15: =IF(D15=0,0,F15/D15)
A17: How to use
A18: • Fill in the yellow cells on 'Task Split' (Owner, Start Date, End Date, Status, Notes). Status is a dropdown: Not Started / In Progress / Blocked / Done.
A19: • Blue numbers in 'Est. Days' are editable estimates; this summary recalculates from them.
A20: • Rows turn green when Done, blue when In Progress, red when Blocked.
A21: • Critical path: P0 -> P1 -> P2 -> P3 (write) and P4 (read) in parallel -> P5 -> P6 -> P7 -> P8 -> P9.

Sheet Task Split
A1: Task ID | B1: Phase | C1: Phase Name | D1: Task | E1: Details | F1: Project / Area | G1: Deliverable | H1: Depends On | I1: Est. Days | J1: Doc Page(s) | K1: Owner | L1: Start Date | M1: End Date | N1: Status | O1: Notes
A2: P0-01 | B2: P0 | C2: =INDEX(Summary!$B$5:$B$14,MATCH(B2,Summary!$A$5:$A$14,0)) | D2: Confirm report & result-set inventory | E2: List every standard report (ReportCode), its SP, and each result set name to snapshot. Mark which reports are in the pilot. | F2: Analysis | G2: Report inventory sheet signed off | I2: 1.5 | J2: 1, 5 | N2: Not Started
A3: P0-02 | B3: P0 | C3: =INDEX(Summary!$B$5:$B$14,MATCH(B3,Summary!$A$5:$A$14,0)) | D3: Define snapshot grain per report | E3: For each result set confirm it is stored at the grain the UI filters/pages on (payer, clinic, month), not pre-filtered by a user selection. Identify SPs that need a 'no user filter' mode. | F3: Analysis | G3: Grain decision per result set | H3: P0-01 | I3: 1.5 | J3: 3 | N3: Not Started
A4: P0-03 | B4: P0 | C4: =INDEX(Summary!$B$5:$B$14,MATCH(B4,Summary!$A$5:$A$14,0)) | D4: Decide code location for writer | E4: Doc says LRN.Snapshots is referenced by 'LRN.ReportEngine', which does not exist in this repo. Confirm it is referenced by LRN.MasterFileProcessorWorker (or LRN.ReportWorker). | F4: Architecture | G4: Decision recorded | I4: 0.5 | J4: 5 | N4: Not Started
A5: P0-04 | B5: P0 | C5: =INDEX(Summary!$B$5:$B$14,MATCH(B5,Summary!$A$5:$A$14,0)) | D5: Review existing blob code for reuse | E5: Check LRN.AzBlobSync / LRN.DataLibrary for existing BlobContainerClient + DefaultAzureCredential setup to reuse. | F5: Architecture | G5: Reuse notes | I5: 0.5 | J5: 5 | N5: Not Started
A6: P0-05 | B6: P0 | C6: =INDEX(Summary!$B$5:$B$14,MATCH(B6,Summary!$A$5:$A$14,0)) | D6: Define configuration contract | E6: Options: container name, cacheRoot, RowGroupSize (100,000), Compression (Snappy/Zstd per report), KeepWeekly=5, KeepMonthEnd=5, cache max idle=7 days, per-report SchemaVersion. | F6: Architecture | G6: appsettings schema + options classes spec | H6: P0-01 | I6: 0.5 | J6: 4, 5, 18 | N6: Not Started
A7: P1-01 | B7: P1 | C7: =INDEX(Summary!$B$5:$B$14,MATCH(B7,Summary!$A$5:$A$14,0)) | D7: Create ReportSnapshotRun table | E7: LRNMaster: SnapshotRunId, LabId, LabName, RunId, WeekFolder, SnapshotDate, Status (InProgress|Success|Failed), ErrorMessage, CreatedOn, CompletedOn; UQ (LabId, RunId). | F7: Database/LRNMaster | G7: Migration script | H7: P0-05 | I7: 0.5 | J7: 10 | N7: Not Started
A8: P1-02 | B8: P1 | C8: =INDEX(Summary!$B$5:$B$14,MATCH(B8,Summary!$A$5:$A$14,0)) | D8: Create ReportSnapshotFile table | E8: FK to run ON DELETE CASCADE; ReportCode, ResultSetName, BlobPath, RowCount, SizeBytes, ContentSha256, SchemaJson, SchemaVersion; UQ (SnapshotRunId, ReportCode, ResultSetName). | F8: Database/LRNMaster | G8: Migration script | H8: P1-01 | I8: 0.5 | J8: 10 | N8: Not Started
A9: P1-03 | B9: P1 | C9: =INDEX(Summary!$B$5:$B$14,MATCH(B9,Summary!$A$5:$A$14,0)) | D9: Write index stored procedures | E9: Upsert run (InProgress -> Success/Failed), upsert file row (idempotent on re-run), usp_ReportSnapshot_List @LabId,@ReportCode (Success only, newest first), file lookup by SnapshotRunId+ReportCode+ResultSetName+LabId. | F9: Database/LRNMaster | G9: SPs + grants | H9: P1-02 | I9: 1.5 | J9: 10, 11, 17 | N9: Not Started
A10: P1-04 | B10: P1 | C10: =INDEX(Summary!$B$5:$B$14,MATCH(B10,Summary!$A$5:$A$14,0)) | D10: Write usp_ReportSnapshot_GetExpired | E10: @LabId, @KeepWeekly=5, @KeepMonthEnd=5: keep a run if it is one of the 5 latest, or the latest run of one of the 5 latest months; return everything else. | F10: Database/LRNMaster | G10: SP + test script | H10: P1-01 | I10: 1 | J10: 18 | N10: Not Started
A11: P1-05 | B11: P1 | C11: =INDEX(Summary!$B$5:$B$14,MATCH(B11,Summary!$A$5:$A$14,0)) | D11: Create Blob container report-snapshots | E11: Private container (no public access) in the storage account; blob soft delete 7-14 days. | F11: Azure | G11: Container provisioned | I11: 0.5 | J11: 3, 18 | N11: Not Started
A12: P1-06 | B12: P1 | C12: =INDEX(Summary!$B$5:$B$14,MATCH(B12,Summary!$A$5:$A$14,0)) | D12: Configure managed identities & RBAC | E12: Worker = Storage Blob Data Contributor, web app = Storage Blob Data Reader, via DefaultAzureCredential. | F12: Azure | G12: Role assignments | H12: P1-05 | I12: 0.5 | J12: 18 | N12: Not Started
A13: P1-07 | B13: P1 | C13: =INDEX(Summary!$B$5:$B$14,MATCH(B13,Summary!$A$5:$A$14,0)) | D13: Network & encryption controls | E13: Private endpoint or storage firewall limited to the VM/VNet; confirm at-rest encryption (CMK if compliance requires). | F13: Azure | G13: Network rule / endpoint | H13: P1-05 | I13: 1 | J13: 18 | N13: Not Started
A14: P1-08 | B14: P1 | C14: =INDEX(Summary!$B$5:$B$14,MATCH(B14,Summary!$A$5:$A$14,0)) | D14: Lifecycle management rule | E14: Safety net: move to Cool after 45 days, delete after 200 days. Never Archive tier. | F14: Azure | G14: Lifecycle policy | H14: P1-05 | I14: 0.25 | J14: 19 | N14: Not Started
A15: P1-09 | B15: P1 | C15: =INDEX(Summary!$B$5:$B$14,MATCH(B15,Summary!$A$5:$A$14,0)) | D15: Web cache folder & ACL | E15: Create the local cache folder on the web server with restricted ACL (PHI). | F15: Infra/Web server | G15: Folder + ACL | I15: 0.25 | J15: 19 | N15: Not Started
A16: P2-01 | B16: P2 | C16: =INDEX(Summary!$B$5:$B$14,MATCH(B16,Summary!$A$5:$A$14,0)) | D16: Create LRN.Snapshots class library | E16: New project; add Parquet.Net, DuckDB.NET.Data.Full, Azure.Storage.Blobs, Azure.Identity, Microsoft.Data.SqlClient. Add to solution. | F16: LRN.Snapshots | G16: Project skeleton | H16: P0-03 | I16: 0.5 | J16: 5 | N16: Not Started
A17: P2-02 | B17: P2 | C17: =INDEX(Summary!$B$5:$B$14,MATCH(B17,Summary!$A$5:$A$14,0)) | D17: Options & blob path builder | E17: SnapshotOptions binding; deterministic path {labCode}/{yyyy}/{weekFolder}/{runId}/{reportCode}/{resultSetName}.v{schemaVersion}.parquet. | F17: LRN.Snapshots | G17: SnapshotOptions, BlobPathBuilder | H17: P2-01, P0-05 | I17: 0.5 | J17: 3 | N17: Not Started
A18: P2-03 | B18: P2 | C18: =INDEX(Summary!$B$5:$B$14,MATCH(B18,Summary!$A$5:$A$14,0)) | D18: ParquetSnapshotWriter | E18: DbDataReader -> Parquet: schema from GetColumnSchema(), unique names (Col{n}, _1/_2), 100,000-row groups, typed buffers, empty report still writes a valid file, returns RowCount + SchemaJson. | F18: LRN.Snapshots | G18: ParquetSnapshotWriter.cs | H18: P2-01 | I18: 2 | J18: 6-9 | N18: Not Started
A19: P2-04 | B19: P2 | C19: =INDEX(Summary!$B$5:$B$14,MATCH(B19,Summary!$A$5:$A$14,0)) | D19: SQL -> Parquet type mapping | E19: Implement mapping table: ints nullable, decimal(p,s) from schema (money -> 19,4), float/real, bit, date/datetime -> TIMESTAMP, datetimeoffset -> UTC, strings UTF8, Guid/sql_variant -> string, varbinary. | F19: LRN.Snapshots | G19: Map() + unit tests | H19: P2-03 | I19: 1 | J19: 4, 8 | N19: Not Started
A20: P2-05 | B20: P2 | C20: =INDEX(Summary!$B$5:$B$14,MATCH(B20,Summary!$A$5:$A$14,0)) | D20: DuckDB row-count validator | E20: SELECT COUNT(*) FROM read_parquet(path) must equal rows written; throw on mismatch. | F20: LRN.Snapshots | G20: SnapshotValidator | H20: P2-03 | I20: 0.5 | J20: 9 | N20: Not Started
A21: P2-06 | B21: P2 | C21: =INDEX(Summary!$B$5:$B$14,MATCH(B21,Summary!$A$5:$A$14,0)) | D21: Blob snapshot store | E21: SHA-256 hash, upload with overwrite, ContentType application/vnd.apache.parquet, metadata sha256; delete blobs for retention; download for cache. | F21: LRN.Snapshots | G21: BlobSnapshotStore | H21: P2-02 | I21: 1 | J21: 3, 9 | N21: Not Started
A22: P2-07 | B22: P2 | C22: =INDEX(Summary!$B$5:$B$14,MATCH(B22,Summary!$A$5:$A$14,0)) | D22: Snapshot index repository | E22: ISnapshotIndex: StartRun, AddFileAsync(SnapshotFileInfo), CompleteRun/FailRun, ListAsync (catalog), GetFile (with LabId check), GetExpired, DeleteRun. | F22: LRN.Snapshots | G22: SqlSnapshotIndex | H22: P1-03, P1-04 | I22: 1.5 | J22: 9, 10, 17, 18 | N22: Not Started
A23: P2-08 | B23: P2 | C23: =INDEX(Summary!$B$5:$B$14,MATCH(B23,Summary!$A$5:$A$14,0)) | D23: SnapshotFileCache | E23: Cache by {cacheRoot}/{sha256}.parquet, per-file SemaphoreSlim, download to .part then move, touch LastAccessTime, Purge(maxIdle). | F23: LRN.Snapshots | G23: SnapshotFileCache | H23: P2-06 | I23: 1 | J23: 11-12 | N23: Not Started
A24: P2-09 | B24: P2 | C24: =INDEX(Summary!$B$5:$B$14,MATCH(B24,Summary!$A$5:$A$14,0)) | D24: ParquetReportReader (QueryAsync + CountAsync) | E24: In-memory DuckDB; column whitelist via DESCRIBE; parameterised filter values; quoted identifiers; ORDER BY only on known column; LIMIT/OFFSET paging; CountAsync with same WHERE. | F24: LRN.Snapshots | G24: ParquetReportReader | H24: P2-01 | I24: 1.5 | J24: 12-13 | N24: Not Started
A25: P2-10 | B25: P2 | C25: =INDEX(Summary!$B$5:$B$14,MATCH(B25,Summary!$A$5:$A$14,0)) | D25: Extend ReportQuery for range / IN filters | E25: Doc's reader only does equality. Add date-range and IN-list filter types so live SP filters can be mirrored. | F25: LRN.Snapshots | G25: Filter model + WHERE builder | H25: P2-09 | I25: 1 | J25: 14 | N25: Not Started
A26: P2-11 | B26: P2 | C26: =INDEX(Summary!$B$5:$B$14,MATCH(B26,Summary!$A$5:$A$14,0)) | D26: Unit tests for LRN.Snapshots | E26: Round-trip write/read per SQL type, decimals precision/scale, NULLs, empty file, duplicate column names, injection-safe filter/sort. | F26: tests | G26: LRN.Snapshots.Tests | H26: P2-03..P2-10 | I26: 2 | J26: 19 | N26: Not Started
A27: P3-01 | B27: P3 | C27: =INDEX(Summary!$B$5:$B$14,MATCH(B27,Summary!$A$5:$A$14,0)) | D27: Report snapshot definitions config | E27: Per report: ReportCode, SP name, parameters, result set names, SchemaVersion, compression override, enabled flag, pilot labs list. | F27: LRN.MasterFileProcessorWorker | G27: Config + ReportSnapshotDefinition | H27: P0-01, P2-02 | I27: 0.5 | J27: 5 | N27: Not Started
... A59: P7-03 | B59: P7 | C59: =INDEX(Summary!$B$5:$B$14,MATCH(B59,Summary!$A$5:$A$14,0)) | D59: Client UAT on real past weeks | E59: Users compare snapshots against what they saw; collect defects. | F59: UAT | G59: UAT sign-off | H59: P7-02 | I59: 3 | J59: 19 | N59: Not Started
A60: P7-04 | B60: P7 | C60: =INDEX(Summary!$B$5:$B$14,MATCH(B60,Summary!$A$5:$A$14,0)) | D60: Fix UAT defects | E60: Resolve issues raised in UAT. | F60: Dev | G60: Fixes | H60: P7-03 | I60: 2 | N60: Not Started
A61: P8-01 | B61: P8 | C61: =INDEX(Summary!$B$5:$B$14,MATCH(B61,Summary!$A$5:$A$14,0)) | D61: Remaining Denial reports | E61: Denial claim report and other denial result sets: mappers, filter parity, selector. | F61: LabMetricsDashboard | G61: Reports migrated | H61: P7-03 | I61: 2 | J61: 19 | N61: Not Started
A62: P8-02 | B62: P8 | C62: =INDEX(Summary!$B$5:$B$14,MATCH(B62,Summary!$A$5:$A$14,0)) | D62: Claim Line & LIS reports | E62: Mappers, filter parity, selector; check large-grid performance. | F62: LabMetricsDashboard | G62: Reports migrated | H62: P7-03 | I62: 2.5 | J62: 19 | N62: Not Started
A63: P8-03 | B63: P8 | C63: =INDEX(Summary!$B$5:$B$14,MATCH(B63,Summary!$A$5:$A$14,0)) | D63: Collection, Clinic & Sales Rep summaries | E63: Mappers, filter parity, selector. | F63: LabMetricsDashboard | G63: Reports migrated | H63: P7-03 | I63: 2.5 | J63: 19 | N63: Not Started
A64: P8-04 | B64: P8 | C64: =INDEX(Summary!$B$5:$B$14,MATCH(B64,Summary!$A$5:$A$14,0)) | D64: Production summaries & Exec summary | E64: Lab / Augustus / NorthWest production summaries, PHI executive summary. | F64: LabMetricsDashboard | G64: Reports migrated | H64: P7-03 | I64: 2.5 | J64: 19 | N64: Not Started
A65: P8-05 | B65: P8 | C65: =INDEX(Summary!$B$5:$B$14,MATCH(B65,Summary!$A$5:$A$14,0)) | D65: Coding validation & other standard reports | E65: Any remaining reports in the P0 inventory. | F65: LabMetricsDashboard | G65: Reports migrated | H65: P7-03 | I65: 2 | J65: 19 | N65: Not Started
A66: P8-06 | B66: P8 | C66: =INDEX(Summary!$B$5:$B$14,MATCH(B66,Summary!$A$5:$A$14,0)) | D66: Enable all labs | E66: Turn on snapshots for all labs; monitor file sizes, snapshot run time, cache size. | F66: Release | G66: All labs live | H66: P8-01..P8-05 | I66: 1 | J66: 20 | N66: Not Started
A67: P9-01 | B67: P9 | C67: =INDEX(Summary!$B$5:$B$14,MATCH(B67,Summary!$A$5:$A$14,0)) | D67: Backfill last weeks (optional) | E67: Reprocess last few week folders into a scratch DB and snapshot from it, if source files still exist, so 5 weeks show on day one. | F67: LRN.MasterFileProcessorWorker | G67: Backfilled snapshots | H67: P8-06 | I67: 2 | J67: 20 | N67: Not Started
A68: P9-02 | B68: P9 | C68: =INDEX(Summary!$B$5:$B$14,MATCH(B68,Summary!$A$5:$A$14,0)) | D68: Monitoring & alerts | E68: Alert on Failed snapshot runs, missing weekly snapshot, cache size growth. | F68: Ops | G68: Alerts / dashboard | H68: P8-06 | I68: 1 | J68: 20 | N68: Not Started
A69: P9-03 | B69: P9 | C69: =INDEX(Summary!$B$5:$B$14,MATCH(B69,Summary!$A$5:$A$14,0)) | D69: Developer guide | E69: How to download from Blob (Storage Explorer) and inspect with DuckDB CLI, VS Code viewer, pandas, Power BI; schema-versioning rules. | F69: docs | G69: Dev guide | H69: P8-06 | I69: 0.5 | J69: 17-19 | N69: Not Started
A70: P9-04 | B70: P9 | C70: =INDEX(Summary!$B$5:$B$14,MATCH(B70,Summary!$A$5:$A$14,0)) | D70: Schema-version process | E70: Document: bump SchemaVersion when columns change, never rewrite old snapshots, version-specific mappers when needed. | F70: docs | G70: Process note | H70: P8-06 | I70: 0.25 | J70: 19 | N70: Not Started

Sheet Test Checklist
A1: # | B1: Test (from design doc p.19) | C1: Covered by Task | D1: Result | E1: Tested By | F1: Date | G1: Notes
A2: 1 | B2: Snapshot for a pilot lab creates one Success run and one file row per result set | C2: P6-01 | D2: Not Run
A3: 2 | B3: File row count = SP row count = DuckDB COUNT(*) | C3: P6-01 | D3: Not Run
A4: 3 | B4: Snapshot of the current week matches the live report (totals, first page, sorted page) | C4: P6-02 | D4: Not Run
A5: 4 | B5: Decimals keep precision and scale; dates and NULLs are correct | C5: P6-03 | D5: Not Run
A6: 5 | B6: Re-running the same RunId overwrites files with no duplicate index rows | C6: P6-04 | D6: Not Run
A7: 6 | B7: Blocking storage access fails the snapshot but not the weekly load | C7: P6-04 | D7: Not Run
A8: 7 | B8: After 7 weekly runs only the retained runs and their blobs remain | C8: P6-05 | D8: Not Run
A9: 8 | B9: Another lab's snapshot id returns 404 | C9: P6-06 | D9: Not Run
A10: 9 | B10: Unknown filter or sort column is ignored; values are parameterised | C10: P6-06 | D10: Not Run
A11: 10 | B11: Second open of a snapshot is served from the cache | C11: P6-07 | D11: Not Run

Sheet Assumptions & Questions
A1: # | B1: Type | C1: Item | D1: Answer / Decision
A2: 1 | B2: Gap | C2: The doc says LRN.Snapshots is referenced by 'LRN.ReportEngine'; no such project exists in this repo. Plan assumes LRN.MasterFileProcessorWorker (writer) and LabMetricsDashboard (reader).
A3: 2 | B3: Gap | C3: The doc's ParquetReportReader supports only equality / IS NULL filters, but it also says live SP filters (date ranges, IN-lists) must be mirrored. Task P2-10 adds those filter types.
A4: 3 | B4: Assumption | C4: Pilot = one lab + 2-3 reports (Denial Summary is the doc's example). Pick the pilot lab and the other pilot reports in P0-01.
A5: 4 | B5: Assumption | C5: Est. Days are planning estimates for one developer and are not in the doc. Adjust them on 'Task Split'.
A6: 5 | B6: Assumption | C6: P8 report groups come from the existing Sql*Repository classes in LabMetricsDashboard/Services; confirm the final list against the P0-01 inventory.
A7: 6 | B7: Question | C7: Some SPs may apply user filters inside the SP. Do they need a 'full grain' parameter mode for snapshots? (P0-02)
A8: 7 | B8: Question | C8: Is backfill (P9-01) needed? It depends on whether past week source files are still available.
A9: 8 | B9: Question | C9: Is a customer-managed key required for compliance (P1-07)?
A10: 9 | B10: Out of scope | C10: Changes to the weekly ETL itself, and the raw-table archive (optional, same mechanism), per the doc.
